/hdd1/jianwei/workspace/robust_ticket_soups/dense/tmp/finetune_glue-sst2_lr2e-05_epochs5_seed42_time1682642736786/epoch0,90.71100917431193,13.990825688073395,84.57648546144121
/hdd1/jianwei/workspace/robust_ticket_soups/dense/tmp/finetune_glue-sst2_lr2e-05_epochs5_seed42_time1682642736786/epoch1,90.71100917431193,21.3302752293578,76.48546144121366
/hdd1/jianwei/workspace/robust_ticket_soups/dense/tmp/finetune_glue-sst2_lr2e-05_epochs5_seed42_time1682642736786/epoch2,90.59633027522936,19.03669724770642,78.98734177215191
/hdd1/jianwei/workspace/robust_ticket_soups/dense/tmp/finetune_glue-sst2_lr2e-05_epochs5_seed42_time1682642736786/epoch3,90.71100917431193,29.701834862385322,67.25663716814158
/hdd1/jianwei/workspace/robust_ticket_soups/dense/tmp/finetune_glue-sst2_lr2e-05_epochs5_seed42_time1682642736786/epoch4,91.1697247706422,31.53669724770642,65.40880503144653
